admin1_name,admin1_pcode,admin0_name,admin0_pcode,state_code,number_of_named_languages,main_language,main_language_share,Assamese,Bengali,Bodo,Dogri,Gujarati,Hindi,Kannada,Kashmiri,Konkani,Maithili,Malayalam,Manipuri,Marathi,Nepali,Odia,Punjabi,Sanskrit,Santali,Sindhi,Tamil,Telugu,Urdu,Adi,Afghani,Anal,Angami,Ao,Arabic,Balti,Bhili,Bhotia,Bhumij,Bishnupuriya,Chakhesang,Chakru,Chang,Coorgi,Deori,Dimasa,English,Gadaba,Gangte,Garo,Gondi,Halabi,Halam,Hmar,Ho,Jatapu,Juang,Kabui,Karbi,Khandeshi,Kharia,Khasi,Khezha,Khiemnungan,Khond,Kinnauri,Kisan,Koch,Koda,Kolami,Kom,Konda,Konyak,Korku,Korwa,Koya,Kui,Kuki,Kurukh,Ladakhi,Lahauli,Lahnda,Lakher,Lalung,Lepcha,Liangmei,Limbu,Lotha,Lushai,Malto,Mao,Maram,Maring,Miri,Mishmi,Mogh,Monpa,Munda,Mundari,Nicobarese,Nissi,Nocte,Paite,Parji,Pawi,Phom,Pochury,Rabha,Rai,Rengma,Sangtam,Savara,Sema,Sherpa,Shina,Tamang,Tangkhul,Tangsa,Thado,Tibetan,Tripuri,Tulu,Vaiphei,Wancho,Yimchungre,Zeliang,Zemi,Zou,Other,pop_total,pop_male,pop_female,literacy_all,literacy_male,literacy_female,language_data_yn,data_confidence,notes
ANDAMAN & NICOBAR ISLANDS,IN35,India,IN,35,19,Bengali,0.28500,0.00000,0.28500,0.00000,0.00000,0.00100,0.19300,0.00100,0.00000,0.00000,0.00000,0.07200,0.00000,0.00200,0.00200,0.00300,0.00400,0.00000,0.00100,0.00000,0.15200,0.13200,0.00300,0.00000,0.00000,0.00000,0.00000,0.00000,0.00000,0.00000,0.00000,0.00000,0.00100,0.00000,0.00000,0.00000,0.00000,0.00000,0.00000,0.00000,0.00000,0.00000,0.00000,0.00000,0.00000,0.00000,0.00000,0.00000,0.00000,0.00000,0.00000,0.00000,0.00000,0.00000,0.01100,0.00000,0.00000,0.00000,0.00000,0.00000,0.00000,0.00000,0.00000,0.00000,0.00000,0.00000,0.00000,0.00000,0.00000,0.00000,0.00000,0.00000,0.04000,0.00000,0.00000,0.00000,0.00000,0.00000,0.00000,0.00000,0.00000,0.00000,0.00000,0.00000,0.00000,0.00000,0.00000,0.00000,0.00000,0.00000,0.00000,0.01000,0.00200,0.07600,0.00000,0.00000,0.00000,0.00000,0.00000,0.00000,0.00000,0.00000,0.00000,0.00000,0.00000,0.00000,0.00000,0.00000,0.00000,0.00000,0.00000,0.00000,0.00000,0.00000,0.00000,0.00000,0.00000,0.00000,0.00000,0.00000,0.00000,0.00000,0.00800,"380,581.00000","202,869.00000","177,712.00000",0.86630,0.90270,0.82430,Yes,Medium,
ANDHRA PRADESH,IN28,India,IN,28,14,Telugu,0.83600,0.00000,0.00100,0.00000,0.00000,0.00100,0.03700,0.00600,0.00000,0.00000,0.00000,0.00100,0.00000,0.00800,0.00000,0.00400,0.00000,0.00000,0.00000,0.00000,0.00800,0.83600,0.08900,0.00000,0.00000,0.00000,0.00000,0.00000,0.00000,0.00000,0.00000,0.00000,0.00000,0.00000,0.00000,0.00000,0.00000,0.00000,0.00000,0.00000,0.00000,0.00000,0.00000,0.00000,0.00300,0.00000,0.00000,0.00000,0.00000,0.00000,0.00000,0.00000,0.00000,0.00000,0.00000,0.00000,0.00000,0.00000,0.00000,0.00000,0.00000,0.00000,0.00000,0.00000,0.00000,0.00100,0.00000,0.00000,0.00000,0.00300,0.00000,0.00000,0.00000,0.00000,0.00000,0.00000,0.00000,0.00000,0.00000,0.00000,0.00000,0.00000,0.00000,0.00000,0.00000,0.00000,0.00000,0.00000,0.00000,0.00000,0.00000,0.00000,0.00000,0.00000,0.00000,0.00000,0.00000,0.00000,0.00000,0.00000,0.00000,0.00000,0.00000,0.00000,0.00000,0.00100,0.00000,0.00000,0.00000,0.00000,0.00000,0.00000,0.00000,0.00000,0.00000,0.00000,0.00000,0.00000,0.00000,0.00000,0.00000,0.00000,0.00000,"84,580,777.00000","42,438,925.00000","42,141,852.00000",0.67020,0.74880,0.59150,Yes,Medium,
ARUNACHAL PRADESH,IN12,India,IN,12,37,Nissi,0.28600,0.03900,0.07300,0.00500,0.00100,0.00000,0.07100,0.00000,0.00000,0.00000,0.00200,0.00300,0.00200,0.00200,0.06900,0.00500,0.00300,0.00000,0.00100,0.00000,0.00100,0.00100,0.00100,0.17300,0.00000,0.00000,0.00000,0.00100,0.00000,0.00000,0.00000,0.04500,0.00000,0.00000,0.00000,0.00000,0.00100,0.00000,0.00400,0.00000,0.00000,0.00000,0.00000,0.00500,0.00000,0.00000,0.00000,0.00000,0.00000,0.00000,0.00000,0.00000,0.00100,0.00000,0.00000,0.00000,0.00000,0.00000,0.00000,0.00000,0.00000,0.00000,0.00000,0.00000,0.00000,0.00000,0.00000,0.00000,0.00000,0.00000,0.00000,0.00000,0.00100,0.00000,0.00000,0.00000,0.00000,0.00000,0.00000,0.00000,0.00000,0.00000,0.00100,0.00000,0.00000,0.00000,0.00000,0.00800,0.03000,0.00000,0.00900,0.00100,0.00100,0.00000,0.28600,0.02200,0.00000,0.00000,0.00000,0.00000,0.00000,0.00000,0.00300,0.00000,0.00000,0.00000,0.00000,0.00000,0.00000,0.00100,0.00000,0.02600,0.00000,0.00300,0.00000,0.00000,0.00000,0.04200,0.00000,0.00000,0.00000,0.00000,0.05500,"1,383,727.00000","713,998.00000","669,729.00000",0.65380,0.72550,0.57700,Yes,Medium,
ASSAM,IN18,India,IN,18,27,Assamese,0.48400,0.48400,0.28900,0.04500,0.00000,0.00000,0.06700,0.00000,0.00000,0.00000,0.00000,0.00000,0.00500,0.00000,0.01900,0.00700,0.00100,0.00000,0.00700,0.00100,0.00000,0.00100,0.00000,0.00000,0.00000,0.00000,0.00000,0.00000,0.00000,0.00000,0.00000,0.00000,0.00000,0.00200,0.00000,0.00000,0.00000,0.00000,0.00100,0.00400,0.00000,0.00000,0.00000,0.00600,0.00000,0.00000,0.00000,0.00100,0.00000,0.00000,0.00000,0.00000,0.01600,0.00000,0.00000,0.00100,0.00000,0.00000,0.00000,0.00000,0.00000,0.00000,0.00000,0.00000,0.00000,0.00000,0.00000,0.00000,0.00000,0.00000,0.00000,0.00100,0.00200,0.00000,0.00000,0.00000,0.00000,0.00100,0.00000,0.00000,0.00000,0.00000,0.00000,0.00000,0.00000,0.00000,0.00000,0.02000,0.00000,0.00000,0.00000,0.00200,0.00100,0.00000,0.00000,0.00000,0.00000,0.00000,0.00000,0.00000,0.00000,0.00300,0.00000,0.00000,0.00000,0.00000,0.00000,0.00000,0.00000,0.00000,0.00000,0.00000,0.00000,0.00000,0.00100,0.00000,0.00000,0.00000,0.00000,0.00000,0.00100,0.00000,0.00600,"31,205,576.00000","15,937,475.00000","15,268,101.00000",0.72190,0.77850,0.66270,Yes,Medium,
BIHAR,IN10,India,IN,10,7,Hindi,0.77500,0.00000,0.00800,0.00000,0.00000,0.00000,0.77500,0.00000,0.00000,0.00000,0.12500,0.00000,0.00000,0.00000,0.00000,0.00000,0.00000,0.00000,0.00400,0.00000,0.00000,0.00000,0.08400,0.00000,0.00000,0.00000,0.00000,0.00000,0.00000,0.00000,0.00000,0.00000,0.00000,0.00000,0.00000,0.00000,0.00000,0.00000,0.00000,0.00000,0.00000,0.00000,0.00000,0.00000,0.00000,0.00000,0.00000,0.00000,0.00000,0.00000,0.00000,0.00000,0.00000,0.00000,0.00000,0.00000,0.00000,0.00000,0.00000,0.00000,0.00000,0.00000,0.00000,0.00000,0.00000,0.00000,0.00000,0.00000,0.00000,0.00000,0.00000,0.00000,0.00100,0.00000,0.00000,0.00000,0.00000,0.00000,0.00000,0.00000,0.00000,0.00000,0.00000,0.00100,0.00000,0.00000,0.00000,0.00000,0.00000,0.00000,0.00000,0.00000,0.00000,0.00000,0.00000,0.00000,0.00000,0.00000,0.00000,0.00000,0.00000,0.00000,0.00000,0.00000,0.00000,0.00000,0.00000,0.00000,0.00000,0.00000,0.00000,0.00000,0.00000,0.00000,0.00000,0.00000,0.00000,0.00000,0.00000,0.00000,0.00000,0.00000,0.00000,"104,099,452.00000","54,275,002.00000","49,824,450.00000",0.61800,0.71200,0.51500,Yes,Medium,
CHANDIGARH,IN04,India,IN,04,14,Hindi,0.73600,0.00000,0.00600,0.00000,0.00100,0.00100,0.73600,0.00000,0.00100,0.00000,0.00300,0.00200,0.00000,0.00100,0.00600,0.00200,0.22000,0.00000,0.00000,0.00000,0.00500,0.00100,0.01000,0.00000,0.00000,0.00000,0.00000,0.00000,0.00000,0.00000,0.00000,0.00000,0.00000,0.00000,0.00000,0.00000,0.00000,0.00000,0.00000,0.00000,0.00000,0.00000,0.00000,0.00000,0.00000,0.00000,0.00000,0.00000,0.00000,0.00000,0.00000,0.00000,0.00000,0.00000,0.00000,0.00000,0.00000,0.00000,0.00000,0.00000,0.00000,0.00000,0.00000,0.00000,0.00000,0.00000,0.00000,0.00000,0.00000,0.00000,0.00000,0.00000,0.00000,0.00000,0.00000,0.00000,0.00000,0.00000,0.00000,0.00000,0.00000,0.00000,0.00000,0.00000,0.00000,0.00000,0.00000,0.00000,0.00000,0.00000,0.00000,0.00000,0.00000,0.00000,0.00000,0.00000,0.00000,0.00000,0.00000,0.00000,0.00000,0.00000,0.00000,0.00000,0.00000,0.00000,0.00000,0.00000,0.00000,0.00000,0.00000,0.00000,0.00000,0.00000,0.00000,0.00000,0.00000,0.00000,0.00000,0.00000,0.00000,0.00000,0.00100,"1,055,450.00000","580,556.00000","474,894.00000",0.86050,0.89990,0.81190,Yes,Medium,
CHHATTISGARH,IN22,India,IN,22,16,Hindi,0.83600,0.00000,0.01000,0.00000,0.00000,0.00200,0.83600,0.00000,0.00000,0.00000,0.00000,0.00100,0.00000,0.00600,0.00000,0.03600,0.00300,0.00000,0.00100,0.00400,0.00000,0.00600,0.00300,0.00000,0.00000,0.00000,0.00000,0.00000,0.00000,0.00000,0.00000,0.00000,0.00000,0.00000,0.00000,0.00000,0.00000,0.00000,0.00000,0.00000,0.00000,0.00000,0.00000,0.00000,0.04200,0.02800,0.00000,0.00000,0.00000,0.00000,0.00000,0.00000,0.00000,0.00000,0.00000,0.00000,0.00000,0.00000,0.00000,0.00000,0.00000,0.00000,0.00000,0.00000,0.00000,0.00000,0.00000,0.00000,0.00100,0.00000,0.00000,0.00000,0.02000,0.00000,0.00000,0.00000,0.00000,0.00000,0.00000,0.00000,0.00000,0.00000,0.00000,0.00000,0.00000,0.00000,0.00000,0.00000,0.00000,0.00000,0.00000,0.00000,0.00000,0.00000,0.00000,0.00000,0.00000,0.00200,0.00000,0.00000,0.00000,0.00000,0.00000,0.00000,0.00000,0.00000,0.00000,0.00000,0.00000,0.00000,0.00000,0.00000,0.00000,0.00000,0.00000,0.00000,0.00000,0.00000,0.00000,0.00000,0.00000,0.00000,0.00000,"25,545,198.00000","12,830,336.00000","12,714,862.00000",0.70280,0.80270,0.60240,Yes,Medium,
DADRA & NAGAR HAVELI,IN26,India,IN,26,19,Bhili,0.37300,0.00300,0.00900,0.00000,0.00000,0.21500,0.26200,0.00300,0.00000,0.02300,0.00600,0.00600,0.00000,0.07000,0.00300,0.01300,0.00100,0.00000,0.00000,0.00100,0.00200,0.00200,0.00300,0.00000,0.00000,0.00000,0.00000,0.00000,0.00000,0.00000,0.37300,0.00000,0.00000,0.00000,0.00000,0.00000,0.00000,0.00000,0.00000,0.00000,0.00100,0.00000,0.00000,0.00000,0.00000,0.00000,0.00000,0.00000,0.00000,0.00000,0.00000,0.00000,0.00000,0.00100,0.00000,0.00000,0.00000,0.00000,0.00000,0.00000,0.00000,0.00000,0.00000,0.00000,0.00000,0.00000,0.00000,0.00000,0.00000,0.00000,0.00000,0.00000,0.00000,0.00000,0.00000,0.00000,0.00000,0.00000,0.00000,0.00000,0.00000,0.00000,0.00000,0.00000,0.00000,0.00000,0.00000,0.00000,0.00000,0.00000,0.00000,0.00000,0.00000,0.00000,0.00000,0.00000,0.00000,0.00000,0.00000,0.00000,0.00000,0.00000,0.00000,0.00000,0.00000,0.00000,0.00000,0.00000,0.00000,0.00000,0.00000,0.00000,0.00000,0.00000,0.00000,0.00000,0.00000,0.00000,0.00000,0.00000,0.00000,0.00000,0.00200,"343,709.00000","193,749.00000","149,960.00000",0.76240,0.85170,0.64320,Yes,Medium,
DAMAN & DIU,IN25,India,IN,25,18,Gujarati,0.50800,0.00500,0.02200,0.00000,0.00000,0.50800,0.36300,0.00200,0.00000,0.00100,0.00400,0.00500,0.00000,0.04500,0.00600,0.01800,0.00100,0.00000,0.00000,0.00200,0.00100,0.00200,0.00400,0.00000,0.00000,0.00000,0.00000,0.00000,0.00000,0.00000,0.00200,0.00000,0.00000,0.00000,0.00000,0.00000,0.00000,0.00000,0.00000,0.00000,0.00100,0.00000,0.00000,0.00000,0.00000,0.00000,0.00000,0.00000,0.00000,0.00000,0.00000,0.00000,0.00000,0.00000,0.00000,0.00000,0.00000,0.00000,0.00000,0.00000,0.00000,0.00000,0.00000,0.00000,0.00000,0.00000,0.00000,0.00000,0.00000,0.00000,0.00000,0.00000,0.00000,0.00000,0.00000,0.00000,0.00000,0.00000,0.00000,0.00000,0.00000,0.00000,0.00000,0.00000,0.00000,0.00000,0.00000,0.00000,0.00000,0.00000,0.00000,0.00000,0.00000,0.00000,0.00000,0.00000,0.00000,0.00000,0.00000,0.00000,0.00000,0.00000,0.00000,0.00000,0.00000,0.00000,0.00000,0.00000,0.00000,0.00000,0.00000,0.00000,0.00000,0.00000,0.00000,0.00000,0.00000,0.00000,0.00000,0.00000,0.00000,0.00000,0.00700,"243,247.00000","150,339.00000","92,908.00000",0.87100,0.91540,0.79550,Yes,Medium,
GOA,IN30,India,IN,30,18,Konkani,0.66100,0.00100,0.00500,0.00000,0.00000,0.00500,0.10300,0.04700,0.00000,0.66100,0.00000,0.00900,0.00000,0.10900,0.00200,0.00400,0.00100,0.00100,0.00000,0.00000,0.00500,0.00800,0.02800,0.00000,0.00000,0.00000,0.00000,0.00000,0.00000,0.00000,0.00200,0.00000,0.00000,0.00000,0.00000,0.00000,0.00000,0.00000,0.00000,0.00000,0.00700,0.00000,0.00000,0.00000,0.00000,0.00000,0.00000,0.00000,0.00000,0.00000,0.00000,0.00000,0.00000,0.00000,0.00000,0.00000,0.00000,0.00000,0.00000,0.00000,0.00000,0.00000,0.00000,0.00000,0.00000,0.00000,0.00000,0.00000,0.00000,0.00000,0.00000,0.00000,0.00000,0.00000,0.00000,0.00000,0.00000,0.00000,0.00000,0.00000,0.00000,0.00000,0.00000,0.00000,0.00000,0.00000,0.00000,0.00000,0.00000,0.00000,0.00000,0.00000,0.00000,0.00000,0.00000,0.00000,0.00000,0.00000,0.00000,0.00000,0.00000,0.00000,0.00000,0.00000,0.00000,0.00000,0.00000,0.00000,0.00000,0.00000,0.00000,0.00000,0.00000,0.00000,0.00000,0.00100,0.00000,0.00000,0.00000,0.00000,0.00000,0.00000,0.00100,"1,458,545.00000","739,253.00000","719,292.00000",0.88700,0.92650,0.84660,Yes,Medium,
GUJARAT,IN24,India,IN,24,13,Gujarati,0.86000,0.00000,0.00100,0.00000,0.00000,0.86000,0.07100,0.00000,0.00000,0.00000,0.00000,0.00100,0.00000,0.01500,0.00000,0.00300,0.00100,0.00000,0.00000,0.02000,0.00100,0.00100,0.00800,0.00000,0.00000,0.00000,0.00000,0.00000,0.00000,0.00000,0.01400,0.00000,0.00000,0.00000,0.00000,0.00000,0.00000,0.00000,0.00000,0.00000,0.00000,0.00000,0.00000,0.00000,0.00000,0.00000,0.00000,0.00000,0.00000,0.00000,0.00000,0.00000,0.00000,0.00300,0.00000,0.00000,0.00000,0.00000,0.00000,0.00000,0.00000,0.00000,0.00000,0.00000,0.00000,0.00000,0.00000,0.00000,0.00000,0.00000,0.00000,0.00000,0.00000,0.00000,0.00000,0.00000,0.00000,0.00000,0.00000,0.00000,0.00000,0.00000,0.00000,0.00000,0.00000,0.00000,0.00000,0.00000,0.00000,0.00000,0.00000,0.00000,0.00000,0.00000,0.00000,0.00000,0.00000,0.00000,0.00000,0.00000,0.00000,0.00000,0.00000,0.00000,0.00000,0.00000,0.00000,0.00000,0.00000,0.00000,0.00000,0.00000,0.00000,0.00000,0.00000,0.00000,0.00000,0.00000,0.00000,0.00000,0.00000,0.00000,0.00100,"60,439,692.00000","31,495,411.00000","28,944,281.00000",0.78030,0.85750,0.69680,Yes,Medium,
HARYANA,IN06,India,IN,06,10,Hindi,0.88100,0.00000,0.00300,0.00000,0.00000,0.00000,0.88100,0.00000,0.00000,0.00000,0.00100,0.00100,0.00000,0.00100,0.00100,0.00100,0.09500,0.00000,0.00000,0.00000,0.00000,0.00000,0.01500,0.00000,0.00000,0.00000,0.00000,0.00000,0.00000,0.00000,0.00000,0.00000,0.00000,0.00000,0.00000,0.00000,0.00000,0.00000,0.00000,0.00000,0.00000,0.00000,0.00000,0.00000,0.00000,0.00000,0.00000,0.00000,0.00000,0.00000,0.00000,0.00000,0.00000,0.00000,0.00000,0.00000,0.00000,0.00000,0.00000,0.00000,0.00000,0.00000,0.00000,0.00000,0.00000,0.00000,0.00000,0.00000,0.00000,0.00000,0.00000,0.00000,0.00000,0.00000,0.00000,0.00100,0.00000,0.00000,0.00000,0.00000,0.00000,0.00000,0.00000,0.00000,0.00000,0.00000,0.00000,0.00000,0.00000,0.00000,0.00000,0.00000,0.00000,0.00000,0.00000,0.00000,0.00000,0.00000,0.00000,0.00000,0.00000,0.00000,0.00000,0.00000,0.00000,0.00000,0.00000,0.00000,0.00000,0.00000,0.00000,0.00000,0.00000,0.00000,0.00000,0.00000,0.00000,0.00000,0.00000,0.00000,0.00000,0.00000,0.00000,"25,351,462.00000","13,491,997.00000","11,859,465.00000",0.75550,0.84060,0.65940,Yes,Medium,
HIMACHAL PRADESH,IN02,India,IN,02,14,Hindi,0.85900,0.00000,0.00100,0.00000,0.00300,0.00100,0.85900,0.00000,0.00800,0.00000,0.00100,0.00000,0.00000,0.00100,0.01300,0.00000,0.09000,0.00000,0.00000,0.00000,0.00000,0.00000,0.00100,0.00000,0.00000,0.00000,0.00000,0.00000,0.00000,0.00000,0.00000,0.00000,0.00000,0.00000,0.00000,0.00000,0.00000,0.00000,0.00000,0.00000,0.00000,0.00000,0.00000,0.00000,0.00000,0.00000,0.00000,0.00000,0.00000,0.00000,0.00000,0.00000,0.00000,0.00100,0.00000,0.00000,0.00000,0.00000,0.00000,0.01200,0.00000,0.00000,0.00000,0.00000,0.00000,0.00000,0.00000,0.00000,0.00000,0.00000,0.00000,0.00000,0.00000,0.00000,0.00200,0.00000,0.00000,0.00000,0.00000,0.00000,0.00000,0.00000,0.00000,0.00000,0.00000,0.00000,0.00000,0.00000,0.00000,0.00000,0.00000,0.00000,0.00000,0.00000,0.00000,0.00000,0.00000,0.00000,0.00000,0.00000,0.00000,0.00000,0.00000,0.00000,0.00000,0.00000,0.00000,0.00000,0.00000,0.00000,0.00000,0.00000,0.00000,0.00300,0.00000,0.00000,0.00000,0.00000,0.00000,0.00000,0.00000,0.00000,0.00200,"6,864,602.00000","3,481,036.00000","3,383,566.00000",0.82800,0.89530,0.75930,Yes,Medium,
JAMMU & KASHMIR,IN01,India,IN,01,22,Kashmiri,0.53300,0.00100,0.00200,0.00000,0.20000,0.00200,0.20800,0.00100,0.53300,0.00000,0.00000,0.00100,0.00000,0.00200,0.00200,0.00100,0.01700,0.00000,0.00000,0.00000,0.00100,0.00100,0.00200,0.00000,0.00100,0.00000,0.00000,0.00000,0.00000,0.00100,0.00000,0.00900,0.00000,0.00000,0.00000,0.00000,0.00000,0.00000,0.00000,0.00000,0.00000,0.00000,0.00000,0.00000,0.00000,0.00000,0.00000,0.00000,0.00000,0.00000,0.00000,0.00000,0.00000,0.00300,0.00000,0.00000,0.00000,0.00000,0.00000,0.00000,0.00000,0.00000,0.00000,0.00000,0.00000,0.00000,0.00000,0.00000,0.00000,0.00000,0.00000,0.00000,0.00000,0.00100,0.00000,0.00000,0.00000,0.00000,0.00000,0.00000,0.00000,0.00000,0.00000,0.00000,0.00000,0.00000,0.00000,0.00000,0.00000,0.00000,0.00000,0.00000,0.00000,0.00000,0.00000,0.00000,0.00000,0.00000,0.00000,0.00000,0.00000,0.00000,0.00000,0.00000,0.00000,0.00000,0.00000,0.00000,0.00300,0.00000,0.00000,0.00000,0.00000,0.00800,0.00000,0.00000,0.00000,0.00000,0.00000,0.00000,0.00000,0.00000,0.00100,"12,541,302.00000","6,639,123.00000","5,902,179.00000",0.67160,0.76750,0.56430,Yes,Medium,
JHARKHAND,IN20,India,IN,20,16,Hindi,0.61900,0.00000,0.09700,0.00000,0.00000,0.00100,0.61900,0.00000,0.00000,0.00000,0.00400,0.00000,0.00000,0.00000,0.00100,0.01600,0.00200,0.00000,0.09900,0.00000,0.00000,0.00100,0.06000,0.00000,0.00000,0.00000,0.00000,0.00000,0.00000,0.00000,0.00000,0.00000,0.00000,0.00000,0.00000,0.00000,0.00000,0.00000,0.00000,0.00000,0.00000,0.00000,0.00000,0.00000,0.00000,0.00000,0.00000,0.00000,0.03000,0.00000,0.00000,0.00000,0.00000,0.00000,0.00400,0.00000,0.00000,0.00000,0.00000,0.00000,0.00000,0.00000,0.00000,0.00000,0.00000,0.00000,0.00000,0.00000,0.00000,0.00000,0.00000,0.00000,0.02900,0.00000,0.00000,0.00000,0.00000,0.00000,0.00000,0.00000,0.00000,0.00000,0.00000,0.00500,0.00000,0.00000,0.00000,0.00000,0.00000,0.00000,0.00000,0.00100,0.02900,0.00000,0.00000,0.00000,0.00000,0.00000,0.00000,0.00000,0.00000,0.00000,0.00000,0.00000,0.00000,0.00000,0.00000,0.00000,0.00000,0.00000,0.00000,0.00000,0.00000,0.00000,0.00000,0.00000,0.00000,0.00000,0.00000,0.00000,0.00000,0.00000,0.00100,"32,988,134.00000","16,934,361.00000","16,053,773.00000",0.66410,0.76840,0.55420,Yes,Medium,
KARNATAKA,IN29,India,IN,29,13,Kannada,0.66500,0.00000,0.00100,0.00000,0.00000,0.00200,0.03300,0.66500,0.00000,0.01300,0.00000,0.01300,0.00000,0.03400,0.00000,0.00100,0.00000,0.00000,0.00000,0.00000,0.03500,0.05800,0.10800,0.00000,0.00000,0.00000,0.00000,0.00000,0.00000,0.00000,0.00000,0.00000,0.00000,0.00000,0.00000,0.00000,0.00000,0.00200,0.00000,0.00000,0.00000,0.00000,0.00000,0.00000,0.00000,0.00000,0.00000,0.00000,0.00000,0.00000,0.00000,0.00000,0.00000,0.00000,0.00000,0.00000,0.00000,0.00000,0.00000,0.00000,0.00000,0.00000,0.00000,0.00000,0.00000,0.00000,0.00000,0.00000,0.00000,0.00000,0.00000,0.00000,0.00000,0.00000,0.00000,0.00000,0.00000,0.00000,0.00000,0.00000,0.00000,0.00000,0.00000,0.00000,0.00000,0.00000,0.00000,0.00000,0.00000,0.00000,0.00000,0.00000,0.00000,0.00000,0.00000,0.00000,0.00000,0.00000,0.00000,0.00000,0.00000,0.00000,0.00000,0.00000,0.00000,0.00000,0.00000,0.00000,0.00000,0.00000,0.00000,0.00000,0.00000,0.00000,0.00000,0.02600,0.00000,0.00000,0.00000,0.00000,0.00000,0.00000,0.00600,"61,095,297.00000","30,965,686.00000","30,129,611.00000",0.75360,0.82470,0.68080,Yes,Medium,
KERALA,IN32,India,IN,32,9,Malayalam,0.97000,0.00000,0.00100,0.00000,0.00000,0.00000,0.00200,0.00300,0.00000,0.00200,0.00000,0.97000,0.00000,0.00100,0.00000,0.00000,0.00000,0.00000,0.00000,0.00000,0.01500,0.00100,0.00000,0.00000,0.00000,0.00000,0.00000,0.00000,0.00000,0.00000,0.00000,0.00000,0.00000,0.00000,0.00000,0.00000,0.00000,0.00000,0.00000,0.00000,0.00000,0.00000,0.00000,0.00000,0.00000,0.00000,0.00000,0.00000,0.00000,0.00000,0.00000,0.00000,0.00000,0.00000,0.00000,0.00000,0.00000,0.00000,0.00000,0.00000,0.00000,0.00000,0.00000,0.00000,0.00000,0.00000,0.00000,0.00000,0.00000,0.00000,0.00000,0.00000,0.00000,0.00000,0.00000,0.00000,0.00000,0.00000,0.00000,0.00000,0.00000,0.00000,0.00000,0.00000,0.00000,0.00000,0.00000,0.00000,0.00000,0.00000,0.00000,0.00000,0.00000,0.00000,0.00000,0.00000,0.00000,0.00000,0.00000,0.00000,0.00000,0.00000,0.00000,0.00000,0.00000,0.00000,0.00000,0.00000,0.00000,0.00000,0.00000,0.00000,0.00000,0.00000,0.00000,0.00400,0.00000,0.00000,0.00000,0.00000,0.00000,0.00000,0.00000,"33,406,061.00000","16,029,780.00000","17,376,281.00000",0.94000,0.96110,0.92070,Yes,Medium,
LAKSHADWEEP,IN31,India,IN,31,7,Malayalam,0.84200,0.00000,0.00200,0.00000,0.00000,0.00000,0.00200,0.00100,0.00000,0.00000,0.00000,0.84200,0.00000,0.00000,0.00000,0.00100,0.00000,0.00000,0.00000,0.00000,0.00600,0.00100,0.00000,0.00000,0.00000,0.00000,0.00000,0.00000,0.00000,0.00000,0.00000,0.00000,0.00000,0.00000,0.00000,0.00000,0.00000,0.00000,0.00000,0.00000,0.00000,0.00000,0.00000,0.00000,0.00000,0.00000,0.00000,0.00000,0.00000,0.00000,0.00000,0.00000,0.00000,0.00000,0.00000,0.00000,0.00000,0.00000,0.00000,0.00000,0.00000,0.00000,0.00000,0.00000,0.00000,0.00000,0.00000,0.00000,0.00000,0.00000,0.00000,0.00000,0.00000,0.00000,0.00000,0.00000,0.00000,0.00000,0.00000,0.00000,0.00000,0.00000,0.00000,0.00000,0.00000,0.00000,0.00000,0.00000,0.00000,0.00000,0.00000,0.00000,0.00000,0.00000,0.00000,0.00000,0.00000,0.00000,0.00000,0.00000,0.00000,0.00000,0.00000,0.00000,0.00000,0.00000,0.00000,0.00000,0.00000,0.00000,0.00000,0.00000,0.00000,0.00000,0.00000,0.00000,0.00000,0.00000,0.00000,0.00000,0.00000,0.00000,0.14400,"64,473.00000","33,132.00000","31,341.00000",0.91850,0.95560,0.87950,Yes,Medium,
MADHYA PRADESH,IN23,India,IN,23,12,Hindi,0.88600,0.00000,0.00200,0.00000,0.00000,0.00300,0.88600,0.00000,0.00000,0.00000,0.00000,0.00100,0.00000,0.01700,0.00000,0.00000,0.00200,0.00000,0.00000,0.00300,0.00000,0.00000,0.01300,0.00000,0.00000,0.00000,0.00000,0.00000,0.00000,0.00000,0.04900,0.00000,0.00000,0.00000,0.00000,0.00000,0.00000,0.00000,0.00000,0.00000,0.00000,0.00000,0.00000,0.00000,0.01600,0.00000,0.00000,0.00000,0.00000,0.00000,0.00000,0.00000,0.00000,0.00100,0.00000,0.00000,0.00000,0.00000,0.00000,0.00000,0.00000,0.00000,0.00000,0.00000,0.00000,0.00000,0.00000,0.00600,0.00000,0.00000,0.00000,0.00000,0.00000,0.00000,0.00000,0.00000,0.00000,0.00000,0.00000,0.00000,0.00000,0.00000,0.00000,0.00000,0.00000,0.00000,0.00000,0.00000,0.00000,0.00000,0.00000,0.00000,0.00000,0.00000,0.00000,0.00000,0.00000,0.00000,0.00000,0.00000,0.00000,0.00000,0.00000,0.00000,0.00000,0.00000,0.00000,0.00000,0.00000,0.00000,0.00000,0.00000,0.00000,0.00000,0.00000,0.00000,0.00000,0.00000,0.00000,0.00000,0.00000,0.00000,0.00100,"72,626,809.00000","37,610,984.00000","35,015,825.00000",0.69320,0.78730,0.59240,Yes,Medium,
MAHARASHTRA,IN27,India,IN,27,22,Marathi,0.68900,0.00000,0.00400,0.00000,0.00000,0.02100,0.12900,0.00900,0.00000,0.00400,0.00000,0.00300,0.00000,0.68900,0.00100,0.00100,0.00200,0.00000,0.00100,0.00600,0.00500,0.01200,0.06700,0.00000,0.00000,0.00000,0.00000,0.00000,0.00000,0.00000,0.02000,0.00000,0.00000,0.00000,0.00000,0.00000,0.00000,0.00000,0.00000,0.00000,0.00100,0.00000,0.00000,0.00000,0.00400,0.00000,0.00000,0.00000,0.00000,0.00000,0.00000,0.00000,0.00000,0.01400,0.00000,0.00000,0.00000,0.00000,0.00000,0.00000,0.00000,0.00000,0.00000,0.00100,0.00000,0.00000,0.00000,0.00200,0.00000,0.00000,0.00000,0.00000,0.00000,0.00000,0.00000,0.00000,0.00000,0.00000,0.00000,0.00000,0.00000,0.00000,0.00000,0.00000,0.00000,0.00000,0.00000,0.00000,0.00000,0.00000,0.00000,0.00000,0.00000,0.00000,0.00000,0.00000,0.00000,0.00000,0.00000,0.00000,0.00000,0.00000,0.00000,0.00000,0.00000,0.00000,0.00000,0.00000,0.00000,0.00000,0.00000,0.00000,0.00000,0.00000,0.00000,0.00100,0.00000,0.00000,0.00000,0.00000,0.00000,0.00000,0.00100,"112,374,333.00000","58,255,228.00000","54,119,105.00000",0.82340,0.88380,0.75870,Yes,Medium,
MANIPUR,IN14,India,IN,14,30,Manipuri,0.53300,0.00100,0.01100,0.00000,0.00100,0.00000,0.01100,0.00000,0.00000,0.00000,0.00000,0.00100,0.53300,0.00100,0.02200,0.00000,0.00000,0.00000,0.00000,0.00000,0.00100,0.00000,0.00000,0.00000,0.00000,0.00900,0.00000,0.00100,0.00000,0.00000,0.00000,0.00000,0.00000,0.00000,0.00000,0.00000,0.00000,0.00000,0.00000,0.00000,0.00000,0.00000,0.00500,0.00000,0.00000,0.00000,0.00000,0.01700,0.00000,0.00000,0.00000,0.03800,0.00000,0.00000,0.00000,0.00000,0.00200,0.00000,0.00000,0.00000,0.00000,0.00000,0.00000,0.00000,0.00500,0.00000,0.00000,0.00000,0.00000,0.00000,0.00000,0.01300,0.00000,0.00000,0.00000,0.00000,0.00000,0.00000,0.00000,0.01600,0.00000,0.00000,0.00200,0.00000,0.07900,0.01100,0.00900,0.00000,0.00000,0.00000,0.00000,0.00000,0.00000,0.00000,0.00000,0.00000,0.01900,0.00000,0.00000,0.00000,0.00000,0.00000,0.00000,0.00000,0.00000,0.00000,0.00000,0.00000,0.00000,0.00000,0.06400,0.00000,0.07800,0.00000,0.00000,0.00000,0.01400,0.00000,0.00300,0.00100,0.00700,0.00900,0.01200,"2,855,794.00000","1,438,688.00000","1,417,106.00000",0.76940,0.83580,0.70260,Yes,Medium,
MEGHALAYA,IN17,India,IN,17,20,Khasi,0.46600,0.01300,0.07800,0.00200,0.00000,0.00000,0.02100,0.00000,0.00000,0.00000,0.00000,0.00100,0.00200,0.00700,0.01800,0.00100,0.00200,0.00000,0.00000,0.00000,0.00000,0.00000,0.00100,0.00000,0.00000,0.00000,0.00000,0.00000,0.00000,0.00000,0.00000,0.00000,0.00000,0.00000,0.00000,0.00000,0.00000,0.00000,0.00000,0.00000,0.00000,0.00000,0.00000,0.31600,0.00000,0.00000,0.00000,0.00100,0.00000,0.00000,0.00000,0.00000,0.00500,0.00000,0.00000,0.46600,0.00000,0.00000,0.00000,0.00000,0.00000,0.00800,0.00000,0.00000,0.00000,0.00000,0.00000,0.00000,0.00000,0.00000,0.00000,0.00000,0.00000,0.00000,0.00000,0.00000,0.00000,0.00100,0.00000,0.00000,0.00000,0.00000,0.00200,0.00000,0.00000,0.00000,0.00000,0.00000,0.00000,0.00000,0.00000,0.00000,0.00000,0.00000,0.00000,0.00000,0.00000,0.00000,0.00000,0.00000,0.00000,0.00700,0.00000,0.00000,0.00000,0.00000,0.00000,0.00000,0.00000,0.00000,0.00000,0.00000,0.00000,0.00000,0.00100,0.00000,0.00000,0.00000,0.00000,0.00000,0.00000,0.00000,0.04400,"2,966,889.00000","1,491,649.00000","1,475,240.00000",0.74430,0.75950,0.72890,Yes,Medium,
MIZORAM,IN15,India,IN,15,16,Lushai,0.73200,0.00100,0.09800,0.00000,0.00000,0.00000,0.01000,0.00000,0.00000,0.00000,0.00000,0.00100,0.00200,0.00000,0.00800,0.00000,0.00000,0.00000,0.00100,0.00000,0.00000,0.00000,0.00000,0.00000,0.00000,0.00000,0.00000,0.00000,0.00000,0.00000,0.00000,0.00000,0.00100,0.00000,0.00000,0.00000,0.00000,0.00000,0.00000,0.00000,0.00000,0.00000,0.00100,0.00000,0.00000,0.00000,0.00000,0.01600,0.00000,0.00000,0.00000,0.00000,0.00000,0.00000,0.00000,0.00100,0.00000,0.00000,0.00000,0.00000,0.00000,0.00000,0.00000,0.00000,0.00000,0.00000,0.00000,0.00000,0.00000,0.00000,0.00000,0.00000,0.00000,0.00000,0.00000,0.00000,0.03800,0.00000,0.00000,0.00000,0.00000,0.00000,0.73200,0.00000,0.00000,0.00000,0.00000,0.00000,0.00000,0.00000,0.00000,0.00000,0.00000,0.00000,0.00000,0.00000,0.02000,0.00000,0.02600,0.00000,0.00000,0.00000,0.00000,0.00000,0.00000,0.00000,0.00000,0.00000,0.00000,0.00000,0.00000,0.00000,0.00000,0.00000,0.03000,0.00000,0.00000,0.00000,0.00000,0.00000,0.00000,0.00000,0.01000,"1,097,206.00000","555,267.00000","541,939.00000",0.91330,0.93350,0.89270,Yes,Medium,
NAGALAND,IN13,India,IN,13,41,Konyak,0.12300,0.00900,0.03800,0.00400,0.00100,0.00000,0.03200,0.00000,0.00000,0.00000,0.00100,0.00100,0.00500,0.00100,0.02200,0.00200,0.00100,0.00000,0.00000,0.00000,0.00100,0.00100,0.00100,0.00000,0.00000,0.00000,0.07700,0.11700,0.00000,0.00000,0.00000,0.00000,0.00000,0.00000,0.00900,0.04600,0.03300,0.00000,0.00000,0.00200,0.00000,0.00000,0.00000,0.00100,0.00000,0.00000,0.00000,0.00000,0.00000,0.00000,0.00000,0.00400,0.00000,0.00000,0.00000,0.00000,0.01700,0.03100,0.00000,0.00000,0.00000,0.00000,0.00000,0.00000,0.00000,0.00000,0.12300,0.00000,0.00000,0.00000,0.00000,0.00900,0.00100,0.00000,0.00000,0.00000,0.00000,0.00000,0.00000,0.00200,0.00000,0.09000,0.00100,0.00000,0.00700,0.00000,0.00000,0.00000,0.00000,0.00000,0.00000,0.00000,0.00000,0.00000,0.00000,0.00000,0.00000,0.00000,0.00000,0.02700,0.01100,0.00000,0.00000,0.03100,0.03800,0.00000,0.00400,0.00000,0.00000,0.00000,0.00100,0.00000,0.00000,0.00000,0.00000,0.00000,0.00000,0.00000,0.03700,0.03100,0.00600,0.00000,0.12200,"1,978,502.00000","1,024,600.00000","953,902.00000",0.79550,0.82750,0.76110,Yes,Medium,
NCT OF DELHI,IN07,India,IN,07,16,Hindi,0.84900,0.00100,0.01300,0.00000,0.00000,0.00200,0.84900,0.00100,0.00100,0.00000,0.00700,0.00500,0.00000,0.00200,0.00200,0.00200,0.05200,0.00000,0.00000,0.00200,0.00500,0.00200,0.05200,0.00000,0.00000,0.00000,0.00000,0.00000,0.00000,0.00000,0.00000,0.00000,0.00000,0.00000,0.00000,0.00000,0.00000,0.00000,0.00000,0.00000,0.00000,0.00000,0.00000,0.00000,0.00000,0.00000,0.00000,0.00000,0.00000,0.00000,0.00000,0.00000,0.00000,0.00000,0.00000,0.00000,0.00000,0.00000,0.00000,0.00000,0.00000,0.00000,0.00000,0.00000,0.00000,0.00000,0.00000,0.00000,0.00000,0.00000,0.00000,0.00000,0.00000,0.00000,0.00000,0.00000,0.00000,0.00000,0.00000,0.00000,0.00000,0.00000,0.00000,0.00000,0.00000,0.00000,0.00000,0.00000,0.00000,0.00000,0.00000,0.00000,0.00000,0.00000,0.00000,0.00000,0.00000,0.00000,0.00000,0.00000,0.00000,0.00000,0.00000,0.00000,0.00000,0.00000,0.00000,0.00000,0.00000,0.00000,0.00000,0.00000,0.00000,0.00000,0.00000,0.00000,0.00000,0.00000,0.00000,0.00000,0.00000,0.00000,0.00000,"16,787,941.00000","8,987,121.00000","7,800,820.00000",0.86210,0.90940,0.80760,Yes,Medium,
ODISHA,IN21,India,IN,21,20,Odia,0.82700,0.00000,0.01200,0.00000,0.00000,0.00000,0.03000,0.00000,0.00000,0.00000,0.00000,0.00000,0.00000,0.00000,0.00000,0.82700,0.00000,0.00000,0.02100,0.00000,0.00000,0.01600,0.01600,0.00000,0.00000,0.00000,0.00000,0.00000,0.00000,0.00000,0.00000,0.00000,0.00000,0.00000,0.00000,0.00000,0.00000,0.00000,0.00000,0.00000,0.00000,0.00100,0.00000,0.00000,0.00100,0.00100,0.00000,0.00000,0.01000,0.00000,0.00100,0.00000,0.00000,0.00000,0.00300,0.00000,0.00000,0.00000,0.00300,0.00000,0.00500,0.00000,0.00000,0.00000,0.00000,0.00000,0.00000,0.00000,0.00000,0.00300,0.02200,0.00000,0.00300,0.00000,0.00000,0.00000,0.00000,0.00000,0.00000,0.00000,0.00000,0.00000,0.00000,0.00000,0.00000,0.00000,0.00000,0.00000,0.00000,0.00000,0.00000,0.00800,0.00300,0.00000,0.00000,0.00000,0.00000,0.00000,0.00000,0.00000,0.00000,0.00000,0.00000,0.00000,0.00000,0.00700,0.00000,0.00000,0.00000,0.00000,0.00000,0.00000,0.00000,0.00000,0.00000,0.00000,0.00000,0.00000,0.00000,0.00000,0.00000,0.00000,0.00500,"41,974,218.00000","21,209,813.00000","20,764,405.00000",0.72870,0.81590,0.64010,Yes,Medium,
PUDUCHERRY,IN34,India,IN,34,10,Tamil,0.88200,0.00000,0.00100,0.00000,0.00000,0.00100,0.00500,0.00100,0.00000,0.00000,0.00000,0.03800,0.00000,0.00100,0.00000,0.00200,0.00000,0.00000,0.00000,0.00000,0.88200,0.06000,0.00700,0.00000,0.00000,0.00000,0.00000,0.00000,0.00000,0.00000,0.00000,0.00000,0.00000,0.00000,0.00000,0.00000,0.00000,0.00000,0.00000,0.00000,0.00000,0.00000,0.00000,0.00000,0.00000,0.00000,0.00000,0.00000,0.00000,0.00000,0.00000,0.00000,0.00000,0.00000,0.00000,0.00000,0.00000,0.00000,0.00000,0.00000,0.00000,0.00000,0.00000,0.00000,0.00000,0.00000,0.00000,0.00000,0.00000,0.00000,0.00000,0.00000,0.00000,0.00000,0.00000,0.00000,0.00000,0.00000,0.00000,0.00000,0.00000,0.00000,0.00000,0.00000,0.00000,0.00000,0.00000,0.00000,0.00000,0.00000,0.00000,0.00000,0.00000,0.00000,0.00000,0.00000,0.00000,0.00000,0.00000,0.00000,0.00000,0.00000,0.00000,0.00000,0.00000,0.00000,0.00000,0.00000,0.00000,0.00000,0.00000,0.00000,0.00000,0.00000,0.00000,0.00000,0.00000,0.00000,0.00000,0.00000,0.00000,0.00000,0.00000,"1,247,953.00000","612,643.00000","635,310.00000",0.85850,0.91260,0.80670,Yes,Medium,
PUNJAB,IN03,India,IN,03,8,Punjabi,0.89800,0.00000,0.00100,0.00000,0.00100,0.00000,0.09400,0.00000,0.00000,0.00000,0.00000,0.00000,0.00000,0.00100,0.00100,0.00000,0.89800,0.00000,0.00000,0.00000,0.00000,0.00000,0.00100,0.00000,0.00000,0.00000,0.00000,0.00000,0.00000,0.00000,0.00000,0.00000,0.00000,0.00000,0.00000,0.00000,0.00000,0.00000,0.00000,0.00000,0.00000,0.00000,0.00000,0.00000,0.00000,0.00000,0.00000,0.00000,0.00000,0.00000,0.00000,0.00000,0.00000,0.00000,0.00000,0.00000,0.00000,0.00000,0.00000,0.00000,0.00000,0.00000,0.00000,0.00000,0.00000,0.00000,0.00000,0.00000,0.00000,0.00000,0.00000,0.00000,0.00000,0.00000,0.00000,0.00100,0.00000,0.00000,0.00000,0.00000,0.00000,0.00000,0.00000,0.00000,0.00000,0.00000,0.00000,0.00000,0.00000,0.00000,0.00000,0.00000,0.00000,0.00000,0.00000,0.00000,0.00000,0.00000,0.00000,0.00000,0.00000,0.00000,0.00000,0.00000,0.00000,0.00000,0.00000,0.00000,0.00000,0.00000,0.00000,0.00000,0.00000,0.00000,0.00000,0.00000,0.00000,0.00000,0.00000,0.00000,0.00000,0.00000,0.00000,"27,743,338.00000","14,640,284.00000","13,103,054.00000",0.75840,0.80440,0.70730,Yes,Medium,
RAJASTHAN,IN08,India,IN,08,7,Hindi,0.89400,0.00000,0.00100,0.00000,0.00000,0.00100,0.89400,0.00000,0.00000,0.00000,0.00000,0.00000,0.00000,0.00000,0.00000,0.00000,0.03300,0.00000,0.00000,0.00600,0.00000,0.00000,0.01000,0.00000,0.00000,0.00000,0.00000,0.00000,0.00000,0.00000,0.05200,0.00000,0.00000,0.00000,0.00000,0.00000,0.00000,0.00000,0.00000,0.00000,0.00000,0.00000,0.00000,0.00000,0.00000,0.00000,0.00000,0.00000,0.00000,0.00000,0.00000,0.00000,0.00000,0.00000,0.00000,0.00000,0.00000,0.00000,0.00000,0.00000,0.00000,0.00000,0.00000,0.00000,0.00000,0.00000,0.00000,0.00000,0.00000,0.00000,0.00000,0.00000,0.00000,0.00000,0.00000,0.00000,0.00000,0.00000,0.00000,0.00000,0.00000,0.00000,0.00000,0.00000,0.00000,0.00000,0.00000,0.00000,0.00000,0.00000,0.00000,0.00000,0.00000,0.00000,0.00000,0.00000,0.00000,0.00000,0.00000,0.00000,0.00000,0.00000,0.00000,0.00000,0.00000,0.00000,0.00000,0.00000,0.00000,0.00000,0.00000,0.00000,0.00000,0.00000,0.00000,0.00000,0.00000,0.00000,0.00000,0.00000,0.00000,0.00000,0.00100,"68,548,437.00000","35,554,169.00000","32,994,268.00000",0.66110,0.79190,0.52120,Yes,Medium,
SIKKIM,IN11,India,IN,11,22,Nepali,0.62600,0.00100,0.01100,0.00000,0.00000,0.00000,0.08000,0.00100,0.00000,0.00000,0.00100,0.00100,0.00100,0.00200,0.62600,0.00200,0.00300,0.00000,0.00100,0.00000,0.00100,0.00200,0.00300,0.00000,0.00000,0.00000,0.00000,0.00000,0.00000,0.00000,0.00000,0.06900,0.00000,0.00000,0.00000,0.00000,0.00000,0.00000,0.00000,0.00000,0.00000,0.00000,0.00000,0.00000,0.00000,0.00000,0.00000,0.00000,0.00000,0.00000,0.00000,0.00000,0.00000,0.00000,0.00000,0.00000,0.00000,0.00000,0.00000,0.00000,0.00000,0.00000,0.00000,0.00000,0.00000,0.00000,0.00000,0.00000,0.00000,0.00000,0.00000,0.00000,0.00000,0.00000,0.00000,0.00000,0.00000,0.00000,0.06300,0.00000,0.06300,0.00000,0.00000,0.00000,0.00000,0.00000,0.00000,0.00000,0.00000,0.00000,0.00000,0.00000,0.00000,0.00000,0.00000,0.00000,0.00000,0.00000,0.00000,0.00000,0.00000,0.00000,0.01200,0.00000,0.00000,0.00000,0.00000,0.02200,0.00000,0.01900,0.00000,0.00000,0.00000,0.00500,0.00000,0.00000,0.00000,0.00000,0.00000,0.00000,0.00000,0.00000,0.00900,"610,577.00000","323,057.00000","287,520.00000",0.81420,0.86550,0.75610,Yes,Medium,
TAMIL NADU,IN33,India,IN,33,8,Tamil,0.88400,0.00000,0.00000,0.00000,0.00000,0.00400,0.00500,0.01800,0.00000,0.00000,0.00000,0.01000,0.00000,0.00100,0.00000,0.00000,0.00000,0.00000,0.00000,0.00000,0.88400,0.05900,0.01800,0.00000,0.00000,0.00000,0.00000,0.00000,0.00000,0.00000,0.00000,0.00000,0.00000,0.00000,0.00000,0.00000,0.00000,0.00000,0.00000,0.00000,0.00000,0.00000,0.00000,0.00000,0.00000,0.00000,0.00000,0.00000,0.00000,0.00000,0.00000,0.00000,0.00000,0.00000,0.00000,0.00000,0.00000,0.00000,0.00000,0.00000,0.00000,0.00000,0.00000,0.00000,0.00000,0.00000,0.00000,0.00000,0.00000,0.00000,0.00000,0.00000,0.00000,0.00000,0.00000,0.00000,0.00000,0.00000,0.00000,0.00000,0.00000,0.00000,0.00000,0.00000,0.00000,0.00000,0.00000,0.00000,0.00000,0.00000,0.00000,0.00000,0.00000,0.00000,0.00000,0.00000,0.00000,0.00000,0.00000,0.00000,0.00000,0.00000,0.00000,0.00000,0.00000,0.00000,0.00000,0.00000,0.00000,0.00000,0.00000,0.00000,0.00000,0.00000,0.00000,0.00000,0.00000,0.00000,0.00000,0.00000,0.00000,0.00000,0.00000,"72,147,030.00000","36,145,807.00000","36,001,223.00000",0.80090,0.86770,0.73440,Yes,Medium,
TRIPURA,IN16,India,IN,16,18,Bengali,0.65700,0.00100,0.65700,0.00000,0.00000,0.00000,0.02100,0.00000,0.00000,0.00000,0.00000,0.00000,0.00600,0.00000,0.00100,0.00700,0.00000,0.00000,0.00100,0.00000,0.00000,0.00100,0.00000,0.00000,0.00000,0.00000,0.00000,0.00500,0.00000,0.00000,0.00000,0.00000,0.00000,0.00600,0.00000,0.00000,0.00000,0.00000,0.00000,0.00000,0.00000,0.00000,0.00000,0.00600,0.00000,0.00000,0.00600,0.00000,0.00000,0.00000,0.00000,0.00000,0.00000,0.00000,0.00000,0.00000,0.00000,0.00000,0.00000,0.00000,0.00000,0.00000,0.00000,0.00000,0.00000,0.00000,0.00000,0.00000,0.00000,0.00000,0.00000,0.00000,0.00200,0.00000,0.00000,0.00000,0.00000,0.00000,0.00000,0.00000,0.00000,0.00000,0.00200,0.00000,0.00000,0.00000,0.00000,0.00000,0.00000,0.01000,0.00000,0.00300,0.00000,0.00000,0.00000,0.00000,0.00000,0.00000,0.00000,0.00000,0.00000,0.00000,0.00000,0.00000,0.00000,0.00100,0.00000,0.00000,0.00000,0.00000,0.00000,0.00000,0.00000,0.00000,0.25900,0.00000,0.00000,0.00000,0.00000,0.00000,0.00000,0.00000,0.00100,"3,673,917.00000","1,874,448.00000","1,799,469.00000",0.87220,0.91530,0.82730,Yes,Medium,
UTTAR PRADESH,IN09,India,IN,09,4,Hindi,0.94100,0.00000,0.00100,0.00000,0.00000,0.00000,0.94100,0.00000,0.00000,0.00000,0.00000,0.00000,0.00000,0.00000,0.00000,0.00000,0.00300,0.00000,0.00000,0.00000,0.00000,0.00000,0.05400,0.00000,0.00000,0.00000,0.00000,0.00000,0.00000,0.00000,0.00000,0.00000,0.00000,0.00000,0.00000,0.00000,0.00000,0.00000,0.00000,0.00000,0.00000,0.00000,0.00000,0.00000,0.00000,0.00000,0.00000,0.00000,0.00000,0.00000,0.00000,0.00000,0.00000,0.00000,0.00000,0.00000,0.00000,0.00000,0.00000,0.00000,0.00000,0.00000,0.00000,0.00000,0.00000,0.00000,0.00000,0.00000,0.00000,0.00000,0.00000,0.00000,0.00000,0.00000,0.00000,0.00000,0.00000,0.00000,0.00000,0.00000,0.00000,0.00000,0.00000,0.00000,0.00000,0.00000,0.00000,0.00000,0.00000,0.00000,0.00000,0.00000,0.00000,0.00000,0.00000,0.00000,0.00000,0.00000,0.00000,0.00000,0.00000,0.00000,0.00000,0.00000,0.00000,0.00000,0.00000,0.00000,0.00000,0.00000,0.00000,0.00000,0.00000,0.00000,0.00000,0.00000,0.00000,0.00000,0.00000,0.00000,0.00000,0.00000,0.00000,"199,812,341.00000","104,504,363.00000","95,307,978.00000",0.67680,0.77280,0.57180,Yes,Medium,
UTTARAKHAND,IN05,India,IN,05,12,Hindi,0.89200,0.00000,0.01500,0.00000,0.00000,0.00000,0.89200,0.00000,0.00000,0.00000,0.00500,0.00000,0.00000,0.00100,0.01100,0.00000,0.02600,0.00000,0.00000,0.00000,0.00000,0.00000,0.04200,0.00000,0.00000,0.00000,0.00000,0.00000,0.00000,0.00000,0.00000,0.00100,0.00000,0.00000,0.00000,0.00000,0.00000,0.00000,0.00000,0.00000,0.00000,0.00000,0.00000,0.00000,0.00000,0.00000,0.00100,0.00000,0.00000,0.00000,0.00000,0.00000,0.00000,0.00100,0.00000,0.00000,0.00000,0.00000,0.00000,0.00000,0.00000,0.00000,0.00000,0.00000,0.00000,0.00000,0.00000,0.00000,0.00000,0.00000,0.00000,0.00000,0.00000,0.00000,0.00000,0.00000,0.00000,0.00000,0.00000,0.00000,0.00000,0.00000,0.00000,0.00000,0.00000,0.00000,0.00000,0.00000,0.00000,0.00000,0.00000,0.00000,0.00000,0.00000,0.00100,0.00000,0.00000,0.00000,0.00000,0.00000,0.00000,0.00000,0.00000,0.00000,0.00000,0.00000,0.00000,0.00000,0.00000,0.00000,0.00000,0.00000,0.00000,0.00100,0.00000,0.00000,0.00000,0.00000,0.00000,0.00000,0.00000,0.00000,0.00000,"10,086,292.00000","5,138,203.00000","4,948,089.00000",0.78820,0.87400,0.70010,Yes,Medium,
WEST BENGAL,IN19,India,IN,19,9,Bengali,0.86200,0.00000,0.86200,0.00000,0.00000,0.00000,0.07000,0.00000,0.00000,0.00000,0.00000,0.00000,0.00000,0.00000,0.01300,0.00200,0.00100,0.00000,0.02700,0.00000,0.00000,0.00100,0.01800,0.00000,0.00000,0.00000,0.00000,0.00000,0.00000,0.00000,0.00000,0.00000,0.00000,0.00000,0.00000,0.00000,0.00000,0.00000,0.00000,0.00000,0.00000,0.00000,0.00000,0.00000,0.00000,0.00000,0.00000,0.00000,0.00000,0.00000,0.00000,0.00000,0.00000,0.00000,0.00000,0.00000,0.00000,0.00000,0.00000,0.00000,0.00000,0.00000,0.00000,0.00000,0.00000,0.00000,0.00000,0.00000,0.00000,0.00000,0.00000,0.00000,0.00200,0.00000,0.00000,0.00000,0.00000,0.00000,0.00000,0.00000,0.00000,0.00000,0.00000,0.00000,0.00000,0.00000,0.00000,0.00000,0.00000,0.00000,0.00000,0.00000,0.00000,0.00000,0.00000,0.00000,0.00000,0.00000,0.00000,0.00000,0.00000,0.00000,0.00000,0.00000,0.00000,0.00000,0.00000,0.00000,0.00000,0.00000,0.00000,0.00000,0.00000,0.00000,0.00000,0.00000,0.00000,0.00000,0.00000,0.00000,0.00000,0.00000,0.00100,"91,276,115.00000","46,808,265.00000","44,467,850.00000",0.76260,0.81690,0.70540,Yes,Medium,